Model,Accuracy
Logistic Regression,82.05128205128204
Decision Tree,92.3076923076923
Random Forest,89.74358974358975
SVM,84.61538461538461
K-Nearest Neighbors,89.74358974358975
Naive Bayes,69.23076923076923
Neural Network,82.05128205128204
Gradient Boosting,94.87179487179486
Linear Discriminant Analysis,82.05128205128204
Gaussian Process,92.3076923076923
Extra Trees,92.3076923076923
Bagging,92.3076923076923
AdaBoost,82.05128205128204
CatBoost,89.74358974358975
