Model,Accuracy
Logistic Regression,77.96610169491525
Decision Tree,89.83050847457628
Random Forest,96.61016949152543
SVM,81.35593220338984
K-Nearest Neighbors,86.4406779661017
Naive Bayes,76.27118644067797
Neural Network,81.35593220338984
Gradient Boosting,96.61016949152543
Linear Discriminant Analysis,86.4406779661017
Gaussian Process,88.13559322033898
Extra Trees,96.61016949152543
Bagging,93.22033898305084
AdaBoost,89.83050847457628
CatBoost,94.91525423728814
