Model,Accuracy
Logistic Regression,82.05128205128204
Decision Tree,82.05128205128204
Random Forest,79.48717948717949
SVM,84.61538461538461
K-Nearest Neighbors,87.17948717948718
Naive Bayes,74.35897435897436
Neural Network,87.17948717948718
Gradient Boosting,79.48717948717949
Linear Discriminant Analysis,82.05128205128204
Gaussian Process,84.61538461538461
Extra Trees,82.05128205128204
Bagging,82.05128205128204
AdaBoost,84.61538461538461
CatBoost,79.48717948717949
