Model,Accuracy
Logistic Regression,81.35593220338984
Decision Tree,94.91525423728814
Random Forest,96.61016949152543
SVM,83.05084745762711
K-Nearest Neighbors,94.91525423728814
Naive Bayes,84.7457627118644
Neural Network,94.91525423728814
Gradient Boosting,94.91525423728814
Linear Discriminant Analysis,77.96610169491525
Gaussian Process,96.61016949152543
Extra Trees,96.61016949152543
Bagging,94.91525423728814
AdaBoost,88.13559322033898
CatBoost,96.61016949152543
